{"cameraMode":{"drawMode":0,"name":"Shaded","section":"Shading Mode"},"sceneLighting":false,"audioPlay":false,"sceneViewState":{"m_AlwaysRefresh":false,"showFog":true,"showSkybox":false,"showFlares":true,"showImageEffects":true,"showParticleSystems":true,"showVisualEffectGraphs":true,"m_FxEnabled":true},"in2DMode":false,"pivot":{"x":-21.29834747314453,"y":5.895904064178467,"z":974.3489379882813},"rotation":{"x":0.050941336899995807,"y":0.48869216442108157,"z":-0.028707023710012437,"w":0.8706023097038269},"size":72.24390411376953,"orthographic":true}