{"cameraMode":{"drawMode":0,"name":"Shaded","section":"Shading Mode"},"sceneLighting":false,"audioPlay":false,"sceneViewState":{"m_AlwaysRefresh":false,"showFog":true,"showSkybox":false,"showFlares":true,"showImageEffects":true,"showParticleSystems":true,"showVisualEffectGraphs":true,"m_FxEnabled":true},"in2DMode":false,"pivot":{"x":0.012000010348856449,"y":4.5329999923706059,"z":2.9700002670288088},"rotation":{"x":0.07206803560256958,"y":-0.781293511390686,"z":0.09183084964752197,"w":0.613152265548706},"size":1.5949255228042603,"orthographic":true}