{"cameraMode":{"drawMode":0,"name":"Shaded","section":"Shading Mode"},"sceneLighting":false,"audioPlay":false,"sceneViewState":{"m_AlwaysRefresh":false,"showFog":true,"showSkybox":false,"showFlares":true,"showImageEffects":true,"showParticleSystems":true,"showVisualEffectGraphs":true,"m_FxEnabled":true},"in2DMode":false,"pivot":{"x":-0.08151918649673462,"y":0.01011127233505249,"z":-0.08402359485626221},"rotation":{"x":0.15786029398441316,"y":-0.26028257608413699,"z":0.04317842796444893,"w":0.9515631198883057},"size":11.699788093566895,"orthographic":true}