{"cameraMode":{"drawMode":0,"name":"Shaded","section":"Shading Mode"},"sceneLighting":true,"audioPlay":false,"sceneViewState":{"m_AlwaysRefresh":false,"showFog":true,"showSkybox":false,"showFlares":true,"showImageEffects":true,"showParticleSystems":true,"showVisualEffectGraphs":true,"m_FxEnabled":true},"in2DMode":false,"pivot":{"x":-9.873568534851075,"y":-1.2910001277923585,"z":-20.211999893188478},"rotation":{"x":-0.005909863859415054,"y":-0.7541464567184448,"z":-0.006787613499909639,"w":0.656647264957428},"size":2.6569838523864748,"orthographic":true}